timestamp,date,config_name,domain,strategy_chunker,strategy_retriever,strategy_reranker,strategy_repacker,strategy_summarizer,query,our_answer,expected_answer,our_context_relevance,our_context_utilization,our_completeness,our_adherence,expected_context_relevance,expected_context_utilization,expected_completeness,expected_adherence,gap_relevance,gap_utilization,gap_completeness,gap_adherence
2026-06-06 23:45:16,2026-06-06,baseline_v1,covidqa,sentence,dense,cross_encoder,reverse,none,Which viruses may not cause prolonged inflammation due to strong induction of antiviral clearance?,"Based on the provided context, I cannot answer this question accurately. The information about viruses and their effects on inflammation is limited to specific studies (e.g., CMV, Norovirus, HCV) and does not provide a comprehensive comparison of viruses that may or may not cause prolonged inflammat","The viruses that may not cause prolonged inflammation due to strong induction of antiviral clearance are murine norovirus, human astrovirus, and murine cytomegalovirus.",-5.5084,0.3226,0.7143,0.75,0.4117647058823529,0.17647058823529413,0.42857142857142855,0.0,-5.9202,0.1461,0.2857,0.75
2026-06-06 23:45:35,2026-06-06,baseline_v1,covidqa,sentence,dense,cross_encoder,reverse,none,When was the first case of COVID-19 identified?,"I cannot answer this based on the provided context. The text only mentions that a cluster of pneumonia of unknown origin was identified in Wuhan, China, in December 2019, but it does not specify when the first individual case of COVID-19 was identified.",The first cases of COVID-19 were identified in the WHO European Region between 24 January and 21 February 2020.,6.8662,0.5833,0.2308,1.0,0.2692307692307692,0.07692307692307693,0.2857142857142857,1.0,6.597,0.5064,-0.0549,0.0
2026-06-06 23:45:53,2026-06-06,baseline_v1,covidqa,sentence,dense,cross_encoder,reverse,none,How many antigens could be detected by Liew's multiplex ELISA test?,"According to passage [5], Liew validated one multiplex ELISA for the detection of 9 antigens.",Liew's multiplex ELISA test could detect 9 antigens.,0.5969,0.7273,0.5714,1.0,0.125,0.0625,0.5,1.0,0.4719,0.6648,0.0714,0.0
2026-06-06 23:46:11,2026-06-06,baseline_v1,covidqa,sentence,dense,cross_encoder,reverse,none,What is the structure of Hantaan virus?,"I cannot answer this based on the provided context. The question asks about Hantaan virus, but the context only provides information about Puumala hantavirus, HTNV (Hantavirus Texas), and general characteristics of hantaviruses in general, without mentioning Hantaan virus specifically.","The structure of Hantaan virus is spherical or ovoid, composed of 20-30% fat, >50% protein, 7% carbohydrates, and 2% RNA. The genome comprises three negative sense, single-stranded RNAs that consist of the small, medium, and large segments encoding the nucleoprotein, envelope glycoproteins, and vira",2.7202,0.125,0.0526,0.5,0.3,0.3,1.0,1.0,2.4202,-0.175,-0.9474,-0.5
2026-06-06 23:46:27,2026-06-06,baseline_v1,covidqa,sentence,dense,cross_encoder,reverse,none,How many people did SARS-CoV infect?,"According to passage [4], SARS-CoV caused 8098 reported cases.",SARS-CoV infected 8098 reported cases and 774 deaths in 37 countries before the epidemic was controlled.,3.309,0.75,0.3333,1.0,0.06666666666666667,0.06666666666666667,1.0,1.0,3.2423,0.6833,-0.6667,0.0
2026-06-07 01:00:46,2026-06-07,baseline_v1,biomedical,sentence,dense,cross_encoder,reverse,none,Which viruses may not cause prolonged inflammation due to strong induction of antiviral clearance?,ERROR: Ollama is not running. Start it with: ollama serve,"The viruses that may not cause prolonged inflammation due to strong induction of antiviral clearance are murine norovirus, human astrovirus, and murine cytomegalovirus.",-5.5084,0.0,0.0,0.0,0.4117647058823529,0.17647058823529413,0.42857142857142855,0.0,-5.9202,-0.1765,-0.4286,0.0
2026-06-07 01:01:02,2026-06-07,baseline_v1,biomedical,sentence,dense,cross_encoder,reverse,none,When was the first case of COVID-19 identified?,ERROR: Ollama is not running. Start it with: ollama serve,The first cases of COVID-19 were identified in the WHO European Region between 24 January and 21 February 2020.,6.8662,0.0,0.0,0.0,0.2692307692307692,0.07692307692307693,0.2857142857142857,1.0,6.597,-0.0769,-0.2857,-1.0
2026-06-07 01:01:17,2026-06-07,baseline_v1,biomedical,sentence,dense,cross_encoder,reverse,none,How many antigens could be detected by Liew's multiplex ELISA test?,ERROR: Ollama is not running. Start it with: ollama serve,Liew's multiplex ELISA test could detect 9 antigens.,0.5969,0.0,0.0,0.0,0.125,0.0625,0.5,1.0,0.4719,-0.0625,-0.5,-1.0
2026-06-07 01:01:31,2026-06-07,baseline_v1,biomedical,sentence,dense,cross_encoder,reverse,none,What is the structure of Hantaan virus?,ERROR: Ollama is not running. Start it with: ollama serve,"The structure of Hantaan virus is spherical or ovoid, composed of 20-30% fat, >50% protein, 7% carbohydrates, and 2% RNA. The genome comprises three negative sense, single-stranded RNAs that consist of the small, medium, and large segments encoding the nucleoprotein, envelope glycoproteins, and vira",2.7202,0.0,0.0,0.0,0.3,0.3,1.0,1.0,2.4202,-0.3,-1.0,-1.0
2026-06-07 01:01:47,2026-06-07,baseline_v1,biomedical,sentence,dense,cross_encoder,reverse,none,How many people did SARS-CoV infect?,ERROR: Ollama is not running. Start it with: ollama serve,SARS-CoV infected 8098 reported cases and 774 deaths in 37 countries before the epidemic was controlled.,3.4663,0.0,0.0,0.0,0.06666666666666667,0.06666666666666667,1.0,1.0,3.3996,-0.0667,-1.0,-1.0
2026-06-07 01:02:01,2026-06-07,baseline_v1,biomedical,sentence,dense,cross_encoder,reverse,none,What was the focus of the study?,ERROR: Ollama is not running. Start it with: ollama serve,The focus of the study was to investigate community responses to communication campaigns for influenza A (H1N1) and to provide evidence-based practical information to guide the development and delivery of key health messages for H1N1 and other health campaigns. The study specifically focused on the ,1.7415,0.0,0.0,0.0,0.29411764705882354,0.17647058823529413,0.6,1.0,1.4474,-0.1765,-0.6,-1.0
2026-06-07 01:02:16,2026-06-07,baseline_v1,biomedical,sentence,dense,cross_encoder,reverse,none,What contributed to a large part of mammalian genomic sequence?,ERROR: Ollama is not running. Start it with: ollama serve,The syntenic whole-genome alignments produced by the MULTIZ program contributed to a large part of the mammalian genomic sequence.,-4.0226,0.0,0.0,0.0,0.05555555555555555,0.05555555555555555,1.0,1.0,-4.0782,-0.0556,-1.0,-1.0
2026-06-07 01:02:36,2026-06-07,baseline_v1,biomedical,sentence,dense,cross_encoder,reverse,none,What is severe MARS noted for?,"I cannot answer this based on the provided context. The context only mentions SARS-CoV, MERS-CoV, ARDS, and other diseases, but does not mention ""MARS"".","Severe ARDS (acute respiratory distress syndrome) is noted for requiring adjunctive therapies such as prone positioning, inhaled nitric oxide, and extracorporeal circulation membrane oxygenation.",-10.4265,0.2,0.05,0.5,0.36363636363636365,0.045454545454545456,0.125,1.0,-10.7901,0.1545,-0.075,-0.5
2026-06-07 01:02:58,2026-06-07,baseline_v1,biomedical,sentence,dense,cross_encoder,reverse,none,What animal models exist for both the asymptomatic carriage of PUUV and SNV?,"According to passage [5], the following animal models exist:

1. Bank vole (Myodes glareolus) - for asymptomatic carriage of PUUV
2. Deer mouse (P. species is not specified, but P. maniculatus is mentioned in passage [4]) - for asymptomatic carriage of SNV",Animal models exist for both the asymptomatic carriage of PUUV and SNV in the bank vole Myodes glareolus and the deer mouse P. maniculatus.,-3.429,0.6522,0.8125,1.0,0.15789473684210525,0.05263157894736842,0.3333333333333333,1.0,-3.5869,0.5996,0.4792,0.0
2026-06-07 01:03:18,2026-06-07,baseline_v1,biomedical,sentence,dense,cross_encoder,reverse,none,What does Clade A contain?,"I cannot answer this based on the provided context. The passage mentions ""Clade designations for 1A swine lineage"" but does not specify what Clade A contains.","Clade A contains 1,889 viruses from 34 countries collected from 2010 to the present.",-2.3295,0.3125,0.2222,0.5,1.0,0.041666666666666664,0.041666666666666664,1.0,-3.3295,0.2708,0.1805,-0.5
2026-06-07 01:03:40,2026-06-07,baseline_v1,biomedical,sentence,dense,cross_encoder,reverse,none,Do Surface Porosity and Pore Size Influence Mechanical Properties and Cellular Response to PEEK?,"According to the provided context, yes, surface porosity and pore size do influence the mechanical properties of PEEK-SP. The text states that ""Mechanical testing revealed tensile strengths > 67 MPa and interfacial shear strengths > 20 MPa for all three pore size groups."" This suggests a correlation","Yes, surface porosity and pore size do influence the mechanical properties and cellular response to PEEK. The micro-CT analysis showed that PEEK-SP with different pore sizes had varying mechanical properties, including tensile strength and interfacial shear strength. Additionally, PEEK-SP exhibited ",3.3189,0.5128,0.2885,1.0,0.6111111111111112,0.5,0.7272727272727273,1.0,2.7078,0.0128,-0.4388,0.0
2026-06-07 01:04:02,2026-06-07,baseline_v1,biomedical,sentence,dense,cross_encoder,reverse,none,Does prosthetic covering of nitinol stents alter healing characteristics or hemodynamics?,"Based on the provided context, it can be inferred that prosthetic covering of nitinol stents may have an effect on certain aspects. Specifically, it is mentioned in [5] that placement of polyester (Dacron) coverings on nitinol stents implanted in the canine aorta was evaluated to determine the effec","The excerpts suggest that prosthetic covering of nitinol stents does alter healing characteristics and hemodynamics. The covered stents showed greater mean neointimal thickness and intima-to-media height ratios compared to bare stents. However, the surface area endothelialization was similar between",-2.0523,0.4773,0.2162,1.0,0.5,0.4,0.8,0.0,-2.5523,0.0773,-0.5838,1.0
2026-06-07 01:04:22,2026-06-07,baseline_v1,biomedical,sentence,dense,cross_encoder,reverse,none,Is diabetes mellitus a negative prognostic factor for the treatment of advanced non-small-cell lung cancer?,"I cannot answer this based on the provided context. The context only discusses studies related to pancreatic cancer, COPD and lung cancer, but not specifically about NSCLC (non-small cell lung cancer) or its treatment.","Based on the provided context, diabetes mellitus (DM) has not been clearly identified as a consistent negative prognostic factor for the treatment of advanced non-small-cell lung cancer (NSCLC). Studies have shown that the impact of DM on progression-free survival (PFS) and overall survival (OS) in ",1.6828,0.5,0.2432,0.5,0.2857142857142857,0.14285714285714285,0.5,1.0,1.3971,0.3571,-0.2568,-0.5
2026-06-07 01:04:42,2026-06-07,baseline_v1,biomedical,sentence,dense,cross_encoder,reverse,none,Do elderly persons need to be encouraged to drink more fluids?,"Based on the provided context, I would say that the answer is ""no"". The study suggests that the low prevalence of dehydration in community-dwelling older adults might reflect limitations of individual dehydration indices, and also questions whether the widely quoted fluid recommendation (8 glasses/2","Based on the provided context, it is suggested that elderly persons may not necessarily need to be encouraged to drink more fluids. The study mentioned challenges the need for the recommended eight glasses (2 liters) of fluid intake per day for individuals over 70 years old. The low prevalence of de",-0.3828,0.6765,0.25,0.5,0.7692307692307693,0.46153846153846156,0.6,1.0,-1.152,0.215,-0.35,-0.5
2026-06-07 01:05:01,2026-06-07,baseline_v1,biomedical,sentence,dense,cross_encoder,reverse,none,Do the economic and social factors play an important role in relation to the compliance of contact lenses care routines?,"Based on the provided context, it appears that there is no significant difference between the two groups (Group 1 and Group 2) in relation to their contact lens care routines. This suggests that economic and social factors may not play a significant role in determining compliance with contact lens c","Based on the provided context, the study found that there was no significant difference between the two groups of contact lens wearers of distinct economic and social groups in relation to their contact lens care routines. This suggests that economic and social factors may not play an important role",-1.9674,0.6786,0.8276,1.0,0.7,0.1,0.14285714285714285,1.0,-2.6674,0.5786,0.6847,0.0
2026-06-07 01:05:20,2026-06-07,baseline_v1,biomedical,sentence,dense,cross_encoder,reverse,none,Are prostate biopsies mandatory in patients with prostate-specific antigen increase during intravesical immuno- or chemotherapy for superficial bladder cancer?,"Based on context [5], it appears that prostate biopsies are not necessarily mandatory in patients with a PSA increase during intravesical immuno- or chemotherapy for superficial bladder cancer, as the aim of the study was to evaluate if there was a significant association between these treatments an",Prostate biopsies may not be mandatory in patients with prostate-specific antigen increase during intravesical immuno- or chemotherapy for superficial bladder cancer. The aim of the study was to evaluate the association between intravesical immuno- or chemotherapy and the increase of PSA serum level,-0.1439,0.6897,0.8333,1.0,0.5,0.25,0.5,1.0,-0.6439,0.4397,0.3333,0.0
2026-06-07 01:05:38,2026-06-07,baseline_v1,biomedical,sentence,dense,cross_encoder,reverse,none,Do working conditions explain the increased risks of disability pension among men and women with low education?,"Yes, according to [3], high physical strain at work and low job control both contributed to explaining the associations between low education and disability pensions in multivariable models.","Yes, based on the provided context, working conditions such as high physical strain at work and low job control were found to contribute to explaining the associations between low education and disability pensions in both men and women. Adjustment for factors like paternal education, ambition to stu",4.3179,0.8,0.3261,1.0,0.46153846153846156,0.15384615384615385,0.3333333333333333,1.0,3.8564,0.6462,-0.0072,0.0
2026-06-07 01:05:57,2026-06-07,baseline_v1,biomedical,sentence,dense,cross_encoder,reverse,none,Platelet aggregation according to body mass index in patients undergoing coronary stenting: should clopidogrel loading-dose be weight adjusted?,"Based on the provided context, I cannot answer this question as it is. The context only discusses platelet aggregation and BMI in relation to clopidogrel therapy in patients undergoing coronary stenting, but does not provide information on whether clopidogrel loading dose should be weight-adjusted.","Based on the provided context, it is suggested that platelet response to a clopidogrel loading-dose (LD) in patients undergoing coronary stenting may be influenced by body mass index (BMI). The study found that overweight patients had higher levels of platelet aggregation at baseline, at 24 hours fo",2.6134,0.44,0.2826,0.5,0.375,0.1875,0.5,1.0,2.2384,0.2525,-0.2174,-0.5
2026-06-07 01:06:15,2026-06-07,baseline_v1,biomedical,sentence,dense,cross_encoder,reverse,none,Interleukin 27 polymorphisms in HCV RNA positive patients: is there an impact on response to interferon therapy?,I cannot answer this based on the provided context.,"The study mentioned in the context suggests that there is a relationship between single nucleotide polymorphisms (SNPs) in the IL-27 promoter region and the response to therapy in patients infected with hepatitis C virus (HCV). Specifically, the study focused on the impact of the rs153109 SNP on the",0.5893,0.1667,0.0208,1.0,0.5333333333333333,0.5333333333333333,1.0,1.0,0.056,-0.3666,-0.9792,0.0
2026-06-07 01:06:33,2026-06-07,baseline_v1,biomedical,sentence,dense,cross_encoder,reverse,none,Can the Functional Movement Screen™ be used to capture changes in spine and knee motion control following 12 weeks of training?,"Yes, according to context [4], the Functional Movement Screen (FMS) can be used to capture changes in spine and knee motion control. Additionally, context [5] states that objective measures of spine and frontal plane knee motion exhibited during FMS task performance changed following a movement-guid","Based on the provided context, the Functional Movement Screen™ (FMS) can be used to capture changes in spine and knee motion control following 12 weeks of training. The study found that the post-training kinematic changes exhibited by trainees while performing the FMS tasks were similar in magnitude",-0.3957,0.7059,0.434,1.0,0.5714285714285714,0.42857142857142855,0.75,0.0,-0.9671,0.2773,-0.316,1.0
